title,content,date,variant,images,verified,author,rating,product,url
Good,Good product :-),26 Apr 2023,Colour: White,,No,Tannu,4.0,TIMEWEAR Formal Day Date Watch Collection For Men Analogue Men's Watch(White Dial & Silver Colored Strap)-221Wdtg,https://www.amazon.in/product-reviews/B07MDGSP8F/ref=cm_cr_arp_d_paging_btm_next_2?ie=UTF8&reviewerType=all_reviews&pageNumber=2
It's good for in this cost,I like but it didn't match my profile,20 Apr 2023,Colour: White,,Yes,shashikant kumar,4.0,TIMEWEAR Formal Day Date Watch Collection For Men Analogue Men's Watch(White Dial & Silver Colored Strap)-221Wdtg,https://www.amazon.in/product-reviews/B07MDGSP8F/ref=cm_cr_arp_d_paging_btm_next_2?ie=UTF8&reviewerType=all_reviews&pageNumber=2
Service,4months before I bought this item. Now not working. Help me how to return this item.,11 Apr 2023,Colour: White,,Yes,Amazon Customer,4.0,TIMEWEAR Formal Day Date Watch Collection For Men Analogue Men's Watch(White Dial & Silver Colored Strap)-221Wdtg,https://www.amazon.in/product-reviews/B07MDGSP8F/ref=cm_cr_arp_d_paging_btm_next_2?ie=UTF8&reviewerType=all_reviews&pageNumber=2
The date and time changer is missing,The date and time changer is missing Returned the item,16 May 2023,Colour: White,https://m.media-amazon.com/images/I/61pHYK4ADpL._SY88.jpg,Yes,Sunil Kumar Shukla,3.0,TIMEWEAR Formal Day Date Watch Collection For Men Analogue Men's Watch(White Dial & Silver Colored Strap)-221Wdtg,https://www.amazon.in/product-reviews/B07MDGSP8F/ref=cm_cr_arp_d_paging_btm_next_2?ie=UTF8&reviewerType=all_reviews&pageNumber=2
Quality,It has mild colour damage,18 May 2023,Colour: White,,Yes,vignesh,3.0,TIMEWEAR Formal Day Date Watch Collection For Men Analogue Men's Watch(White Dial & Silver Colored Strap)-221Wdtg,https://www.amazon.in/product-reviews/B07MDGSP8F/ref=cm_cr_arp_d_paging_btm_next_2?ie=UTF8&reviewerType=all_reviews&pageNumber=2
The pin on the dial is not held well,The pin to set the date and time has fallen off just after a weeks use. But otherwise the watch seems of good quality,05 May 2023,Colour: Blue,,No,Sree D,3.0,TIMEWEAR Formal Day Date Watch Collection For Men Analogue Men's Watch(White Dial & Silver Colored Strap)-221Wdtg,https://www.amazon.in/product-reviews/B07MDGSP8F/ref=cm_cr_arp_d_paging_btm_next_2?ie=UTF8&reviewerType=all_reviews&pageNumber=2
ok type,ok but not satisfied with product,16 May 2023,Colour: White,,Yes,Sachin kumar,3.0,TIMEWEAR Formal Day Date Watch Collection For Men Analogue Men's Watch(White Dial & Silver Colored Strap)-221Wdtg,https://www.amazon.in/product-reviews/B07MDGSP8F/ref=cm_cr_arp_d_paging_btm_next_2?ie=UTF8&reviewerType=all_reviews&pageNumber=2
Smart watch,Good to use and looks nice,13 May 2023,Colour: White,,Yes,Hari Vignesh,3.0,TIMEWEAR Formal Day Date Watch Collection For Men Analogue Men's Watch(White Dial & Silver Colored Strap)-221Wdtg,https://www.amazon.in/product-reviews/B07MDGSP8F/ref=cm_cr_arp_d_paging_btm_next_2?ie=UTF8&reviewerType=all_reviews&pageNumber=2
Good,The media could not be loaded.,13 Apr 2023,Colour: White,,Yes,ANNADURAI MUTHUKUMARAN,4.0,TIMEWEAR Formal Day Date Watch Collection For Men Analogue Men's Watch(White Dial & Silver Colored Strap)-221Wdtg,https://www.amazon.in/product-reviews/B07MDGSP8F/ref=cm_cr_arp_d_paging_btm_next_2?ie=UTF8&reviewerType=all_reviews&pageNumber=2
Review about watch,Worth it..! Go ahead to buy this awesome watch,26 Apr 2023,Colour: White,"https://m.media-amazon.com/images/I/717G2QuuXzL._SY88.jpg
https://m.media-amazon.com/images/I/71f3oCizdUL._SY88.jpg
https://m.media-amazon.com/images/I/81kpxQOtteL._SY88.jpg",Yes,Rishabh maurya,3.0,TIMEWEAR Formal Day Date Watch Collection For Men Analogue Men's Watch(White Dial & Silver Colored Strap)-221Wdtg,https://www.amazon.in/product-reviews/B07MDGSP8F/ref=cm_cr_arp_d_paging_btm_next_2?ie=UTF8&reviewerType=all_reviews&pageNumber=2
Genuine Review,I got this product it looks cool and awesome bcz in this segments it is worth for money,04 Mar 2023,Colour: Blue,,Yes,Ezhilarasan,4.0,TIMEWEAR Formal Day Date Watch Collection For Men Analogue Men's Watch(White Dial & Silver Colored Strap)-221Wdtg,https://www.amazon.in/product-reviews/B07MDGSP8F/ref=cm_cr_arp_d_paging_btm_next_3?ie=UTF8&reviewerType=all_reviews&pageNumber=3
Looks good and formal,"Watch goes perfect for formal wear. Only disappointing point was its packaging, wasn‚Äôt packed properly. But watch looks good and classic! Worth the money!",20 Feb 2023,Colour: White,,Yes,Satish Nagarajan,4.0,TIMEWEAR Formal Day Date Watch Collection For Men Analogue Men's Watch(White Dial & Silver Colored Strap)-221Wdtg,https://www.amazon.in/product-reviews/B07MDGSP8F/ref=cm_cr_arp_d_paging_btm_next_3?ie=UTF8&reviewerType=all_reviews&pageNumber=3
Day and date,Previous watch date and time are not working on return it was working and also the weight of the watch is decreased and looking like a premium one,16 Feb 2023,Colour: White,,Yes,Placeholder,4.0,TIMEWEAR Formal Day Date Watch Collection For Men Analogue Men's Watch(White Dial & Silver Colored Strap)-221Wdtg,https://www.amazon.in/product-reviews/B07MDGSP8F/ref=cm_cr_arp_d_paging_btm_next_3?ie=UTF8&reviewerType=all_reviews&pageNumber=3
nice product,Good and nice product,26 May 2023,Colour: White,,Yes,Rijen limbu,5.0,TIMEWEAR Formal Day Date Watch Collection For Men Analogue Men's Watch(White Dial & Silver Colored Strap)-221Wdtg,https://www.amazon.in/product-reviews/B07MDGSP8F/ref=cm_cr_arp_d_paging_btm_next_3?ie=UTF8&reviewerType=all_reviews&pageNumber=3
Overall good,Nice watch... Pocket friendly... Accurate.,01 Mar 2023,Colour: White,,Yes,Arun Sharma,4.0,TIMEWEAR Formal Day Date Watch Collection For Men Analogue Men's Watch(White Dial & Silver Colored Strap)-221Wdtg,https://www.amazon.in/product-reviews/B07MDGSP8F/ref=cm_cr_arp_d_paging_btm_next_3?ie=UTF8&reviewerType=all_reviews&pageNumber=3
Value for money,Its nice,27 May 2023,Colour: White,,Yes,Amit Kejriwal,5.0,TIMEWEAR Formal Day Date Watch Collection For Men Analogue Men's Watch(White Dial & Silver Colored Strap)-221Wdtg,https://www.amazon.in/product-reviews/B07MDGSP8F/ref=cm_cr_arp_d_paging_btm_next_3?ie=UTF8&reviewerType=all_reviews&pageNumber=3
Looks great fr now but feels a bit delicate to me...,Looks great fr now but feels a bit delicate to me...,19 May 2023,Colour: White,,Yes,Sheru,5.0,TIMEWEAR Formal Day Date Watch Collection For Men Analogue Men's Watch(White Dial & Silver Colored Strap)-221Wdtg,https://www.amazon.in/product-reviews/B07MDGSP8F/ref=cm_cr_arp_d_paging_btm_next_3?ie=UTF8&reviewerType=all_reviews&pageNumber=3
Best watch,One of the best watch. Great design.,18 May 2023,Colour: White,"https://m.media-amazon.com/images/I/611Alo6baVL._SY88.jpg
https://m.media-amazon.com/images/I/71x-XZW52oL._SY88.jpg",Yes,MIRZA AHMED BAIG,5.0,TIMEWEAR Formal Day Date Watch Collection For Men Analogue Men's Watch(White Dial & Silver Colored Strap)-221Wdtg,https://www.amazon.in/product-reviews/B07MDGSP8F/ref=cm_cr_arp_d_paging_btm_next_3?ie=UTF8&reviewerType=all_reviews&pageNumber=3
Good,Amazing product,22 Feb 2023,Colour: White,,Yes,vishal panwar,4.0,TIMEWEAR Formal Day Date Watch Collection For Men Analogue Men's Watch(White Dial & Silver Colored Strap)-221Wdtg,https://www.amazon.in/product-reviews/B07MDGSP8F/ref=cm_cr_arp_d_paging_btm_next_3?ie=UTF8&reviewerType=all_reviews&pageNumber=3
Good product but not the best.,"I like thise product its comes good packaging i like it, by it good product for good price.",12 Mar 2023,Colour: Blue,,Yes,SIDDHARTHA HALDER,3.0,TIMEWEAR Formal Day Date Watch Collection For Men Analogue Men's Watch(White Dial & Silver Colored Strap)-221Wdtg,https://www.amazon.in/product-reviews/B07MDGSP8F/ref=cm_cr_arp_d_paging_btm_next_3?ie=UTF8&reviewerType=all_reviews&pageNumber=3
Very nice. Go for it üëåüëåüëåüëå,,15 May 2023,Colour: White,https://m.media-amazon.com/images/I/71OZQxIlESL._SY88.jpg,Yes,Shahul shaik,5.0,TIMEWEAR Formal Day Date Watch Collection For Men Analogue Men's Watch(White Dial & Silver Colored Strap)-221Wdtg,https://www.amazon.in/product-reviews/B07MDGSP8F/ref=cm_cr_arp_d_paging_btm_next_4?ie=UTF8&reviewerType=all_reviews&pageNumber=4
A good watch for its price.,Looks Decent for casual wear and everyday usage.,08 May 2023,Colour: White,,Yes,Ian Meiys,5.0,TIMEWEAR Formal Day Date Watch Collection For Men Analogue Men's Watch(White Dial & Silver Colored Strap)-221Wdtg,https://www.amazon.in/product-reviews/B07MDGSP8F/ref=cm_cr_arp_d_paging_btm_next_4?ie=UTF8&reviewerType=all_reviews&pageNumber=4
Great Design,"Looking gorgeous, less battery üîã consuming",04 Feb 2023,Colour: White,,No,Meer aabid,4.0,TIMEWEAR Formal Day Date Watch Collection For Men Analogue Men's Watch(White Dial & Silver Colored Strap)-221Wdtg,https://www.amazon.in/product-reviews/B07MDGSP8F/ref=cm_cr_arp_d_paging_btm_next_4?ie=UTF8&reviewerType=all_reviews&pageNumber=4
Watch,"Very nice quality, very nice pricing .. thankyou so much",30 Apr 2023,Colour: Blue,https://m.media-amazon.com/images/I/71cb7BhObuL._SY88.jpg,Yes,aditya bopparaju,5.0,TIMEWEAR Formal Day Date Watch Collection For Men Analogue Men's Watch(White Dial & Silver Colored Strap)-221Wdtg,https://www.amazon.in/product-reviews/B07MDGSP8F/ref=cm_cr_arp_d_paging_btm_next_4?ie=UTF8&reviewerType=all_reviews&pageNumber=4
Value for money,Best watch in this price,03 May 2023,Colour: Blue,https://m.media-amazon.com/images/I/61n+FzrIAiL._SY88.jpg,Yes,Sunita,5.0,TIMEWEAR Formal Day Date Watch Collection For Men Analogue Men's Watch(White Dial & Silver Colored Strap)-221Wdtg,https://www.amazon.in/product-reviews/B07MDGSP8F/ref=cm_cr_arp_d_paging_btm_next_4?ie=UTF8&reviewerType=all_reviews&pageNumber=4
Thanks Amazon,Best product üëå,05 May 2023,Colour: Blue,,Yes,Ganesh Ramesh Kale,5.0,TIMEWEAR Formal Day Date Watch Collection For Men Analogue Men's Watch(White Dial & Silver Colored Strap)-221Wdtg,https://www.amazon.in/product-reviews/B07MDGSP8F/ref=cm_cr_arp_d_paging_btm_next_4?ie=UTF8&reviewerType=all_reviews&pageNumber=4
Good quality products ‚ò∫Ô∏è,The media could not be loaded.,07 Feb 2023,Colour: Blue,"https://m.media-amazon.com/images/I/61gGFWtSrCL._SY88.jpg
https://m.media-amazon.com/images/I/71TzOfZ1YEL._SY88.jpg",No,Monu Gagda,4.0,TIMEWEAR Formal Day Date Watch Collection For Men Analogue Men's Watch(White Dial & Silver Colored Strap)-221Wdtg,https://www.amazon.in/product-reviews/B07MDGSP8F/ref=cm_cr_arp_d_paging_btm_next_4?ie=UTF8&reviewerType=all_reviews&pageNumber=4
Very nice üëç,I like this one üïú,30 Apr 2023,Colour: Blue,,Yes,Gopi,5.0,TIMEWEAR Formal Day Date Watch Collection For Men Analogue Men's Watch(White Dial & Silver Colored Strap)-221Wdtg,https://www.amazon.in/product-reviews/B07MDGSP8F/ref=cm_cr_arp_d_paging_btm_next_4?ie=UTF8&reviewerType=all_reviews&pageNumber=4
Very nice product,Value for money!! Good packaging. Just bought... Don't know about durability. But I'm happy at the moment!!,22 Apr 2023,Colour: White,,Yes,Kavita,5.0,TIMEWEAR Formal Day Date Watch Collection For Men Analogue Men's Watch(White Dial & Silver Colored Strap)-221Wdtg,https://www.amazon.in/product-reviews/B07MDGSP8F/ref=cm_cr_arp_d_paging_btm_next_4?ie=UTF8&reviewerType=all_reviews&pageNumber=4
Good product,Nice look,28 Jan 2023,Colour: White,,Yes,Saravanan,4.0,TIMEWEAR Formal Day Date Watch Collection For Men Analogue Men's Watch(White Dial & Silver Colored Strap)-221Wdtg,https://www.amazon.in/product-reviews/B07MDGSP8F/ref=cm_cr_arp_d_paging_btm_next_4?ie=UTF8&reviewerType=all_reviews&pageNumber=4
Good delivery,Well product,03 May 2023,Colour: White,,Yes,N Paramesh,5.0,TIMEWEAR Formal Day Date Watch Collection For Men Analogue Men's Watch(White Dial & Silver Colored Strap)-221Wdtg,https://www.amazon.in/product-reviews/B07MDGSP8F/ref=cm_cr_arp_d_paging_btm_next_5?ie=UTF8&reviewerType=all_reviews&pageNumber=5
Third quality !!,Third quality product and if u want means u can buy it üòî,12 Feb 2023,Colour: White,"https://m.media-amazon.com/images/I/61CWPcNAbcL._SY88.jpg
https://m.media-amazon.com/images/I/61s4C0akzIL._SY88.jpg
https://m.media-amazon.com/images/I/71hPqAIZJGL._SY88.jpg
https://m.media-amazon.com/images/I/812HI3BqN3L._SY88.jpg
https://m.media-amazon.com/images/I/81HSeJ-q0tL._SY88.jpg",Yes,Yasmin,3.0,TIMEWEAR Formal Day Date Watch Collection For Men Analogue Men's Watch(White Dial & Silver Colored Strap)-221Wdtg,https://www.amazon.in/product-reviews/B07MDGSP8F/ref=cm_cr_arp_d_paging_btm_next_5?ie=UTF8&reviewerType=all_reviews&pageNumber=5
"Overall good product in budget, only quality of material is average",I found good analogue watch with date and time in budget. Value for money product,07 Jan 2023,Colour: White,,Yes,Jonson,4.0,TIMEWEAR Formal Day Date Watch Collection For Men Analogue Men's Watch(White Dial & Silver Colored Strap)-221Wdtg,https://www.amazon.in/product-reviews/B07MDGSP8F/ref=cm_cr_arp_d_paging_btm_next_5?ie=UTF8&reviewerType=all_reviews&pageNumber=5
Should definety buy,"I really loved this watch, the build quality is great, plus it shows the date and day accurately. But you might need to fix it sometimes. Specifically, on Months like February which doesn't have 31 days.",07 Apr 2023,Colour: Blue,,Yes,Rasel,5.0,TIMEWEAR Formal Day Date Watch Collection For Men Analogue Men's Watch(White Dial & Silver Colored Strap)-221Wdtg,https://www.amazon.in/product-reviews/B07MDGSP8F/ref=cm_cr_arp_d_paging_btm_next_5?ie=UTF8&reviewerType=all_reviews&pageNumber=5
Excellent,Quality best,26 Apr 2023,Colour: White,,Yes,Mithlesh Rishi,5.0,TIMEWEAR Formal Day Date Watch Collection For Men Analogue Men's Watch(White Dial & Silver Colored Strap)-221Wdtg,https://www.amazon.in/product-reviews/B07MDGSP8F/ref=cm_cr_arp_d_paging_btm_next_5?ie=UTF8&reviewerType=all_reviews&pageNumber=5
Amazing product,üï¥Ô∏è,26 Apr 2023,Colour: Blue,https://m.media-amazon.com/images/I/71KeozEpR4L._SY88.jpg,Yes,Maishal vasuniya,5.0,TIMEWEAR Formal Day Date Watch Collection For Men Analogue Men's Watch(White Dial & Silver Colored Strap)-221Wdtg,https://www.amazon.in/product-reviews/B07MDGSP8F/ref=cm_cr_arp_d_paging_btm_next_5?ie=UTF8&reviewerType=all_reviews&pageNumber=5
Nice !,Value for money,12 Jan 2023,Colour: White,,Yes,Varsha Deepak Sancheti,4.0,TIMEWEAR Formal Day Date Watch Collection For Men Analogue Men's Watch(White Dial & Silver Colored Strap)-221Wdtg,https://www.amazon.in/product-reviews/B07MDGSP8F/ref=cm_cr_arp_d_paging_btm_next_5?ie=UTF8&reviewerType=all_reviews&pageNumber=5
Nice Watch!!,Looks Awesome!!,11 Jan 2023,Colour: White,,Yes,manish verma,4.0,TIMEWEAR Formal Day Date Watch Collection For Men Analogue Men's Watch(White Dial & Silver Colored Strap)-221Wdtg,https://www.amazon.in/product-reviews/B07MDGSP8F/ref=cm_cr_arp_d_paging_btm_next_5?ie=UTF8&reviewerType=all_reviews&pageNumber=5
Value for money,Package was too local and  Damaged,03 Jan 2023,Colour: White,,Yes,Amazon Customer,4.0,TIMEWEAR Formal Day Date Watch Collection For Men Analogue Men's Watch(White Dial & Silver Colored Strap)-221Wdtg,https://www.amazon.in/product-reviews/B07MDGSP8F/ref=cm_cr_arp_d_paging_btm_next_5?ie=UTF8&reviewerType=all_reviews&pageNumber=5
Not light weight but ok at this orice range,,01 Feb 2023,Colour: White,"https://m.media-amazon.com/images/I/615JZnpocxL._SY88.jpg
https://m.media-amazon.com/images/I/61i93UZVcwL._SY88.jpg",No,Jay,3.0,TIMEWEAR Formal Day Date Watch Collection For Men Analogue Men's Watch(White Dial & Silver Colored Strap)-221Wdtg,https://www.amazon.in/product-reviews/B07MDGSP8F/ref=cm_cr_arp_d_paging_btm_next_5?ie=UTF8&reviewerType=all_reviews&pageNumber=5
It is good but the quality of mirror is not good it get broke at one drop on floorüò©üò©,,01 Feb 2023,Colour: White,https://m.media-amazon.com/images/I/71LhqukyNfL._SY88.jpg,Yes,Aryan,3.0,TIMEWEAR Formal Day Date Watch Collection For Men Analogue Men's Watch(White Dial & Silver Colored Strap)-221Wdtg,https://www.amazon.in/product-reviews/B07MDGSP8F/ref=cm_cr_arp_d_paging_btm_next_6?ie=UTF8&reviewerType=all_reviews&pageNumber=6
Good but not a perfect,,30 Jan 2023,Colour: White,"https://m.media-amazon.com/images/I/71OTY36sElL._SY88.jpg
https://m.media-amazon.com/images/I/71iT3wX4JiL._SY88.jpg",Yes,PRiti patel,3.0,TIMEWEAR Formal Day Date Watch Collection For Men Analogue Men's Watch(White Dial & Silver Colored Strap)-221Wdtg,https://www.amazon.in/product-reviews/B07MDGSP8F/ref=cm_cr_arp_d_paging_btm_next_6?ie=UTF8&reviewerType=all_reviews&pageNumber=6
Mechanism,Day mechanism didn't work.,25 May 2023,Colour: White,,Yes,Yash,2.0,TIMEWEAR Formal Day Date Watch Collection For Men Analogue Men's Watch(White Dial & Silver Colored Strap)-221Wdtg,https://www.amazon.in/product-reviews/B07MDGSP8F/ref=cm_cr_arp_d_paging_btm_next_6?ie=UTF8&reviewerType=all_reviews&pageNumber=6
üëç,Good One.,28 Jan 2023,Colour: Blue,,Yes,Subhendu,3.0,TIMEWEAR Formal Day Date Watch Collection For Men Analogue Men's Watch(White Dial & Silver Colored Strap)-221Wdtg,https://www.amazon.in/product-reviews/B07MDGSP8F/ref=cm_cr_arp_d_paging_btm_next_6?ie=UTF8&reviewerType=all_reviews&pageNumber=6
Good,Good,27 Dec 2022,Colour: White,,Yes,nageswararao,4.0,TIMEWEAR Formal Day Date Watch Collection For Men Analogue Men's Watch(White Dial & Silver Colored Strap)-221Wdtg,https://www.amazon.in/product-reviews/B07MDGSP8F/ref=cm_cr_arp_d_paging_btm_next_6?ie=UTF8&reviewerType=all_reviews&pageNumber=6
Good,Good material,13 Apr 2023,Colour: Blue,,Yes,Abid gaffar sarguru,5.0,TIMEWEAR Formal Day Date Watch Collection For Men Analogue Men's Watch(White Dial & Silver Colored Strap)-221Wdtg,https://www.amazon.in/product-reviews/B07MDGSP8F/ref=cm_cr_arp_d_paging_btm_next_6?ie=UTF8&reviewerType=all_reviews&pageNumber=6
Timewear watch is good but watch lock is bad so its not good,The media could not be loaded. ‡§ü‡§æ‡§á‡§Æ‡§µ‡§æ‡§∞ ‡§ò‡§°‡§º‡•Ä ‡§Ö‡§ö‡•ç‡§õ‡•Ä ‡§π‡•à ‡§™‡§∞‡§®‡•ç‡§§‡•Å ‡§á‡§∏‡§ï‡§æ ‡§≤‡•â‡§ï ‡§¨‡•á‡§ï‡§æ‡§∞ ‡§π‡•à ‡§∏‡•ã ‡§Ø‡§π ‡§∏‡§π‡•Ä ‡§®‡§π‡•Ä‡§Ç ‡§π‡•à ‡•§ ‡§Ø‡§π ‡§ò‡§°‡§º‡•Ä ‡§™‡§æ‡§®‡•Ä ‡§™‡•ç‡§∞‡§§‡§ø‡§∞‡•ã‡§ß‡•Ä (water proof) ‡§®‡§π‡•Ä‡§Ç ‡§π‡•à,10 May 2023,Colour: White,,Yes,8960205524,2.0,TIMEWEAR Formal Day Date Watch Collection For Men Analogue Men's Watch(White Dial & Silver Colored Strap)-221Wdtg,https://www.amazon.in/product-reviews/B07MDGSP8F/ref=cm_cr_arp_d_paging_btm_next_6?ie=UTF8&reviewerType=all_reviews&pageNumber=6
Ok According To price,Good Buy,16 Jan 2023,Colour: Blue,,Yes,Mahesh Singh,3.0,TIMEWEAR Formal Day Date Watch Collection For Men Analogue Men's Watch(White Dial & Silver Colored Strap)-221Wdtg,https://www.amazon.in/product-reviews/B07MDGSP8F/ref=cm_cr_arp_d_paging_btm_next_6?ie=UTF8&reviewerType=all_reviews&pageNumber=6
"Not Great but, Gets the Job done","Good: 1. Lightweight 2. Tells the time ü§£ 3. and the Date & Day ü§£ü§£ Bad: 1. Pathetic Packaging 2. Poor Build Quality I mean, what can we really expect from a INR 350 rupees watch üòÇüòÖ",18 Nov 2022,Colour: White,,No,Tuhin Karmakar,3.0,TIMEWEAR Formal Day Date Watch Collection For Men Analogue Men's Watch(White Dial & Silver Colored Strap)-221Wdtg,https://www.amazon.in/product-reviews/B07MDGSP8F/ref=cm_cr_arp_d_paging_btm_next_6?ie=UTF8&reviewerType=all_reviews&pageNumber=6
Not good product because battery life not good i use battery only 1 month,Not good product because battery life not good i use battery only 1 month and battery dead,04 Nov 2022,Colour: White,,Yes,Gaurav Rathaur,4.0,TIMEWEAR Formal Day Date Watch Collection For Men Analogue Men's Watch(White Dial & Silver Colored Strap)-221Wdtg,https://www.amazon.in/product-reviews/B07MDGSP8F/ref=cm_cr_arp_d_paging_btm_next_6?ie=UTF8&reviewerType=all_reviews&pageNumber=6
It was nice,I like change of date,22 Nov 2022,Colour: Blue,,No,sathya narayana,4.0,TIMEWEAR Formal Day Date Watch Collection For Men Analogue Men's Watch(White Dial & Silver Colored Strap)-221Wdtg,https://www.amazon.in/product-reviews/B07MDGSP8F/ref=cm_cr_arp_d_paging_btm_next_7?ie=UTF8&reviewerType=all_reviews&pageNumber=7
Good,Very good product,31 Mar 2023,Colour: Blue,,Yes,Hussain Khan,5.0,TIMEWEAR Formal Day Date Watch Collection For Men Analogue Men's Watch(White Dial & Silver Colored Strap)-221Wdtg,https://www.amazon.in/product-reviews/B07MDGSP8F/ref=cm_cr_arp_d_paging_btm_next_7?ie=UTF8&reviewerType=all_reviews&pageNumber=7
Havi Wight,Watch is good working but waight is higess than comfortable good,26 Mar 2023,Colour: White,"https://m.media-amazon.com/images/I/61RIFsfjMzL._SY88.jpg
https://m.media-amazon.com/images/I/61zYelVhXtL._SY88.jpg",Yes,VINOTHKUMAR S,5.0,TIMEWEAR Formal Day Date Watch Collection For Men Analogue Men's Watch(White Dial & Silver Colored Strap)-221Wdtg,https://www.amazon.in/product-reviews/B07MDGSP8F/ref=cm_cr_arp_d_paging_btm_next_7?ie=UTF8&reviewerType=all_reviews&pageNumber=7
"Atleast 30days review is the best satisfied,try once",Present Running good,01 Apr 2023,Colour: White,,Yes,RAJESH.LK,5.0,TIMEWEAR Formal Day Date Watch Collection For Men Analogue Men's Watch(White Dial & Silver Colored Strap)-221Wdtg,https://www.amazon.in/product-reviews/B07MDGSP8F/ref=cm_cr_arp_d_paging_btm_next_7?ie=UTF8&reviewerType=all_reviews&pageNumber=7
The best watch in this price..,Worth for money... Best watch in this price.. I recommend this watch.. It is best experience..,17 Mar 2023,Colour: White,https://m.media-amazon.com/images/I/71UIPBvy7+L._SY88.jpg,Yes,Ranjeet Verma,5.0,TIMEWEAR Formal Day Date Watch Collection For Men Analogue Men's Watch(White Dial & Silver Colored Strap)-221Wdtg,https://www.amazon.in/product-reviews/B07MDGSP8F/ref=cm_cr_arp_d_paging_btm_next_7?ie=UTF8&reviewerType=all_reviews&pageNumber=7
Nice,Nice,04 Apr 2023,Colour: White,https://m.media-amazon.com/images/I/81T52122NaL._SY88.jpg,Yes,Ravikiran kenjale,5.0,TIMEWEAR Formal Day Date Watch Collection For Men Analogue Men's Watch(White Dial & Silver Colored Strap)-221Wdtg,https://www.amazon.in/product-reviews/B07MDGSP8F/ref=cm_cr_arp_d_paging_btm_next_7?ie=UTF8&reviewerType=all_reviews&pageNumber=7
Ok,Products is simple,23 Nov 2022,Colour: Blue,,Yes,Amazon Customer,4.0,TIMEWEAR Formal Day Date Watch Collection For Men Analogue Men's Watch(White Dial & Silver Colored Strap)-221Wdtg,https://www.amazon.in/product-reviews/B07MDGSP8F/ref=cm_cr_arp_d_paging_btm_next_7?ie=UTF8&reviewerType=all_reviews&pageNumber=7
No,Very very bad product,18 Apr 2023,Colour: White,https://m.media-amazon.com/images/I/61WIQfkuJRL._SY88.jpg,Yes,Sowrirajan,2.0,TIMEWEAR Formal Day Date Watch Collection For Men Analogue Men's Watch(White Dial & Silver Colored Strap)-221Wdtg,https://www.amazon.in/product-reviews/B07MDGSP8F/ref=cm_cr_arp_d_paging_btm_next_7?ie=UTF8&reviewerType=all_reviews&pageNumber=7
Value for money... Best one,,23 Nov 2022,Colour: Blue,"https://m.media-amazon.com/images/I/61agcK1WR3L._SY88.jpg
https://m.media-amazon.com/images/I/71ZjmA5YjHL._SY88.jpg",Yes,Akhil Kumar,4.0,TIMEWEAR Formal Day Date Watch Collection For Men Analogue Men's Watch(White Dial & Silver Colored Strap)-221Wdtg,https://www.amazon.in/product-reviews/B07MDGSP8F/ref=cm_cr_arp_d_paging_btm_next_7?ie=UTF8&reviewerType=all_reviews&pageNumber=7
This Watch is Worth It!!!!,"First of all, this watch is really great but there are few cons about it, ‚Ä¢ According to watches, This watch is heavy not that much heavy but still. ‚Ä¢ It was not working (it required watch cell to make it work which was worth around Rs. 30 - 60) And lastly ‚Ä¢ It was packed pressurly, it required a lot of effort to open the box Overall, This Watch is Worth It!!!! Go For It!!!",10 May 2022,Colour: White,https://m.media-amazon.com/images/I/81Nu2tM5w7L._SY88.jpg,Yes,Gagan,4.0,TIMEWEAR Formal Day Date Watch Collection For Men Analogue Men's Watch(White Dial & Silver Colored Strap)-221Wdtg,https://www.amazon.in/product-reviews/B07MDGSP8F/ref=cm_cr_arp_d_paging_btm_next_7?ie=UTF8&reviewerType=all_reviews&pageNumber=7
Ok ok,The hours hand will move automatically if you swnig your hand fast...,08 Dec 2022,Colour: White,,Yes,Viraj shah,3.0,TIMEWEAR Formal Day Date Watch Collection For Men Analogue Men's Watch(White Dial & Silver Colored Strap)-221Wdtg,https://www.amazon.in/product-reviews/B07MDGSP8F/ref=cm_cr_arp_d_paging_btm_next_8?ie=UTF8&reviewerType=all_reviews&pageNumber=8
Perfect Design,"best watches , best look",22 Mar 2023,Colour: White,,Yes,Vaibhav aggarwal,5.0,TIMEWEAR Formal Day Date Watch Collection For Men Analogue Men's Watch(White Dial & Silver Colored Strap)-221Wdtg,https://www.amazon.in/product-reviews/B07MDGSP8F/ref=cm_cr_arp_d_paging_btm_next_8?ie=UTF8&reviewerType=all_reviews&pageNumber=8
"Style, quality",Worth full. Stylish & Branded,05 Nov 2022,Colour: Blue,,Yes,Kandi Sai mani,4.0,TIMEWEAR Formal Day Date Watch Collection For Men Analogue Men's Watch(White Dial & Silver Colored Strap)-221Wdtg,https://www.amazon.in/product-reviews/B07MDGSP8F/ref=cm_cr_arp_d_paging_btm_next_8?ie=UTF8&reviewerType=all_reviews&pageNumber=8
Nice watch in this price range. Attractive dial with blue background.,I love this watch.,24 Mar 2023,Colour: Blue,"https://m.media-amazon.com/images/I/71RmjkdLzJL._SY88.jpg
https://m.media-amazon.com/images/I/81RUP2I7CeL._SY88.jpg",Yes,Shivam pandey,5.0,TIMEWEAR Formal Day Date Watch Collection For Men Analogue Men's Watch(White Dial & Silver Colored Strap)-221Wdtg,https://www.amazon.in/product-reviews/B07MDGSP8F/ref=cm_cr_arp_d_paging_btm_next_8?ie=UTF8&reviewerType=all_reviews&pageNumber=8
Value for money,A decent looking watch and is worth the price paid. Not sure whether it is water proof or not.,05 Oct 2022,Colour: White,,Yes,Amazon Customer,4.0,TIMEWEAR Formal Day Date Watch Collection For Men Analogue Men's Watch(White Dial & Silver Colored Strap)-221Wdtg,https://www.amazon.in/product-reviews/B07MDGSP8F/ref=cm_cr_arp_d_paging_btm_next_8?ie=UTF8&reviewerType=all_reviews&pageNumber=8
Nice watch,Great fitting it is also nice to very in a function but it is not like shown it in the photos this little bit of different üòÖ,11 Sep 2022,Colour: White,,Yes,Maonj,4.0,TIMEWEAR Formal Day Date Watch Collection For Men Analogue Men's Watch(White Dial & Silver Colored Strap)-221Wdtg,https://www.amazon.in/product-reviews/B07MDGSP8F/ref=cm_cr_arp_d_paging_btm_next_8?ie=UTF8&reviewerType=all_reviews&pageNumber=8
Good,,19 Nov 2022,Colour: Blue,"https://m.media-amazon.com/images/I/61qv3nHSBgL._SY88.jpg
https://m.media-amazon.com/images/I/71k72YRC4CL._SY88.jpg
https://m.media-amazon.com/images/I/71zimBDT+rL._SY88.jpg",Yes,Lakshmanarao,4.0,TIMEWEAR Formal Day Date Watch Collection For Men Analogue Men's Watch(White Dial & Silver Colored Strap)-221Wdtg,https://www.amazon.in/product-reviews/B07MDGSP8F/ref=cm_cr_arp_d_paging_btm_next_8?ie=UTF8&reviewerType=all_reviews&pageNumber=8
good,very good,21 Mar 2023,Colour: White,,Yes,Placeholder,5.0,TIMEWEAR Formal Day Date Watch Collection For Men Analogue Men's Watch(White Dial & Silver Colored Strap)-221Wdtg,https://www.amazon.in/product-reviews/B07MDGSP8F/ref=cm_cr_arp_d_paging_btm_next_8?ie=UTF8&reviewerType=all_reviews&pageNumber=8
Adjustment of date,Anic product costing reasonable The product is working well.I like proct very much.,10 Mar 2023,Colour: White,,Yes,Sheikh Abdul Latif,5.0,TIMEWEAR Formal Day Date Watch Collection For Men Analogue Men's Watch(White Dial & Silver Colored Strap)-221Wdtg,https://www.amazon.in/product-reviews/B07MDGSP8F/ref=cm_cr_arp_d_paging_btm_next_8?ie=UTF8&reviewerType=all_reviews&pageNumber=8
product quality is good,In this price products quality is very good.,14 Mar 2023,Colour: White,,Yes,MOHD SHAHRUKH,5.0,TIMEWEAR Formal Day Date Watch Collection For Men Analogue Men's Watch(White Dial & Silver Colored Strap)-221Wdtg,https://www.amazon.in/product-reviews/B07MDGSP8F/ref=cm_cr_arp_d_paging_btm_next_8?ie=UTF8&reviewerType=all_reviews&pageNumber=8
Worst of money,"Bad quality,not buy this product ,low quality item , full of scratches,locking is damaged , date and day not working properly, not buy this product , go to shop watch shop and buy one or some branded watch , don't buy this product",06 May 2023,Colour: White,"https://m.media-amazon.com/images/I/71-X7Nq3QFL._SY88.jpg
https://m.media-amazon.com/images/I/71FVoh7DIcL._SY88.jpg
https://m.media-amazon.com/images/I/71iNA5o6RAL._SY88.jpg",Yes,Nabeel,1.0,TIMEWEAR Formal Day Date Watch Collection For Men Analogue Men's Watch(White Dial & Silver Colored Strap)-221Wdtg,https://www.amazon.in/product-reviews/B07MDGSP8F/ref=cm_cr_arp_d_paging_btm_next_9?ie=UTF8&reviewerType=all_reviews&pageNumber=9
Such beautiful watches looking,"Actually I liked it give perfect fitting on hand does not too lose or too fit.which fitting I want they get me. Another, Watches white colours are lookes to fresshy, and shinning as like made today. It should be valuable money's prdouct, specially watches round figure is also perfect looking perfectly suitable and if someone have some wide wrist then it be a perfect looked don't think for it. Just go and buy. Main thing is we want some heavyweight watches on wrist, is it. And I happy for it it's heavy bcs light weight watches doesn't good manufactured. where used light material.",06 Oct 2022,Colour: White,,Yes,REHAN AHEMAD,5.0,TIMEWEAR Formal Day Date Watch Collection For Men Analogue Men's Watch(White Dial & Silver Colored Strap)-221Wdtg,https://www.amazon.in/product-reviews/B07MDGSP8F/ref=cm_cr_arp_d_paging_btm_next_9?ie=UTF8&reviewerType=all_reviews&pageNumber=9
Nice üëç,Nice,05 Nov 2022,Colour: White,,No,Sarguna J,4.0,TIMEWEAR Formal Day Date Watch Collection For Men Analogue Men's Watch(White Dial & Silver Colored Strap)-221Wdtg,https://www.amazon.in/product-reviews/B07MDGSP8F/ref=cm_cr_arp_d_paging_btm_next_9?ie=UTF8&reviewerType=all_reviews&pageNumber=9
Value for money,A little bit heavier but at this price it's good,10 Oct 2022,Colour: Blue,,No,Shivanshu Kashyap,4.0,TIMEWEAR Formal Day Date Watch Collection For Men Analogue Men's Watch(White Dial & Silver Colored Strap)-221Wdtg,https://www.amazon.in/product-reviews/B07MDGSP8F/ref=cm_cr_arp_d_paging_btm_next_9?ie=UTF8&reviewerType=all_reviews&pageNumber=9
Best watch,"Like .value for money,good product.",15 Mar 2023,Colour: Blue,,Yes,Jitendra M.,5.0,TIMEWEAR Formal Day Date Watch Collection For Men Analogue Men's Watch(White Dial & Silver Colored Strap)-221Wdtg,https://www.amazon.in/product-reviews/B07MDGSP8F/ref=cm_cr_arp_d_paging_btm_next_9?ie=UTF8&reviewerType=all_reviews&pageNumber=9
Value for money,It's a awesome watch for value for money overall i have been using for 3 months I don't get any issues from it,28 Aug 2022,Colour: Blue,,Yes,Sukumar Behera,4.0,TIMEWEAR Formal Day Date Watch Collection For Men Analogue Men's Watch(White Dial & Silver Colored Strap)-221Wdtg,https://www.amazon.in/product-reviews/B07MDGSP8F/ref=cm_cr_arp_d_paging_btm_next_9?ie=UTF8&reviewerType=all_reviews&pageNumber=9
Decent watch for budget,Decent materials used. Water resistance was not mentioned anywhere so I don't know if this watch can handle any amount of water splashes. Good for budget,19 Aug 2022,Colour: Blue,https://m.media-amazon.com/images/I/81S6q-FrdPL._SY88.jpg,No,Rishabh Karnad,4.0,TIMEWEAR Formal Day Date Watch Collection For Men Analogue Men's Watch(White Dial & Silver Colored Strap)-221Wdtg,https://www.amazon.in/product-reviews/B07MDGSP8F/ref=cm_cr_arp_d_paging_btm_next_9?ie=UTF8&reviewerType=all_reviews&pageNumber=9
Looking good,Watch is good for look wise. But day and dates are couldn't function well. Value for money,31 Aug 2022,Colour: White,,No,Baji Babu Miriyala,4.0,TIMEWEAR Formal Day Date Watch Collection For Men Analogue Men's Watch(White Dial & Silver Colored Strap)-221Wdtg,https://www.amazon.in/product-reviews/B07MDGSP8F/ref=cm_cr_arp_d_paging_btm_next_9?ie=UTF8&reviewerType=all_reviews&pageNumber=9
Nice,Nice,15 Mar 2023,Colour: White,,Yes,Hitesh,5.0,TIMEWEAR Formal Day Date Watch Collection For Men Analogue Men's Watch(White Dial & Silver Colored Strap)-221Wdtg,https://www.amazon.in/product-reviews/B07MDGSP8F/ref=cm_cr_arp_d_paging_btm_next_9?ie=UTF8&reviewerType=all_reviews&pageNumber=9
Nice product,Very good product With comfort price,07 Mar 2023,Colour: White,,Yes,Kalaka Prasad,5.0,TIMEWEAR Formal Day Date Watch Collection For Men Analogue Men's Watch(White Dial & Silver Colored Strap)-221Wdtg,https://www.amazon.in/product-reviews/B07MDGSP8F/ref=cm_cr_arp_d_paging_btm_next_9?ie=UTF8&reviewerType=all_reviews&pageNumber=9
Easy to break and fake material,I dislike it delicate watch,14 Nov 2022,Colour: White,,Yes,Ramakrishna I,3.0,TIMEWEAR Formal Day Date Watch Collection For Men Analogue Men's Watch(White Dial & Silver Colored Strap)-221Wdtg,https://www.amazon.in/product-reviews/B07MDGSP8F/ref=cm_cr_arp_d_paging_btm_next_10?ie=UTF8&reviewerType=all_reviews&pageNumber=10
Nice watch at this price,Best watch at this price. I bought under 400 rs . I found little scratches on back side . But I think at this price it is good deal . Also quality is little above than average .,06 Jul 2022,Colour: Blue,"https://m.media-amazon.com/images/I/71GwylcmgvL._SY88.jpg
https://m.media-amazon.com/images/I/81zYSTYyIjL._SY88.jpg",Yes,Fardin Sheikh,4.0,TIMEWEAR Formal Day Date Watch Collection For Men Analogue Men's Watch(White Dial & Silver Colored Strap)-221Wdtg,https://www.amazon.in/product-reviews/B07MDGSP8F/ref=cm_cr_arp_d_paging_btm_next_10?ie=UTF8&reviewerType=all_reviews&pageNumber=10
Good,Pins in hangers are looseüò≠,29 Sep 2022,Colour: Blue,,No,G akash,4.0,TIMEWEAR Formal Day Date Watch Collection For Men Analogue Men's Watch(White Dial & Silver Colored Strap)-221Wdtg,https://www.amazon.in/product-reviews/B07MDGSP8F/ref=cm_cr_arp_d_paging_btm_next_10?ie=UTF8&reviewerType=all_reviews&pageNumber=10
Durability is too short,Overall the looks and everything is fine. But the durability of the watch is too short.,09 Oct 2022,Colour: Blue,,Yes,Payio Kashio,3.0,TIMEWEAR Formal Day Date Watch Collection For Men Analogue Men's Watch(White Dial & Silver Colored Strap)-221Wdtg,https://www.amazon.in/product-reviews/B07MDGSP8F/ref=cm_cr_arp_d_paging_btm_next_10?ie=UTF8&reviewerType=all_reviews&pageNumber=10
Nice,Nice,09 Mar 2023,Colour: White,,No,Penkeharish,5.0,TIMEWEAR Formal Day Date Watch Collection For Men Analogue Men's Watch(White Dial & Silver Colored Strap)-221Wdtg,https://www.amazon.in/product-reviews/B07MDGSP8F/ref=cm_cr_arp_d_paging_btm_next_10?ie=UTF8&reviewerType=all_reviews&pageNumber=10
Good product,Good product,09 Nov 2022,Colour: Blue,,Yes,Ajay,3.0,TIMEWEAR Formal Day Date Watch Collection For Men Analogue Men's Watch(White Dial & Silver Colored Strap)-221Wdtg,https://www.amazon.in/product-reviews/B07MDGSP8F/ref=cm_cr_arp_d_paging_btm_next_10?ie=UTF8&reviewerType=all_reviews&pageNumber=10
Good product,Value for money product,03 Mar 2023,Colour: Blue,,Yes,CM Girish,5.0,TIMEWEAR Formal Day Date Watch Collection For Men Analogue Men's Watch(White Dial & Silver Colored Strap)-221Wdtg,https://www.amazon.in/product-reviews/B07MDGSP8F/ref=cm_cr_arp_d_paging_btm_next_10?ie=UTF8&reviewerType=all_reviews&pageNumber=10
Good one,Looks good,28 Sep 2022,Colour: White,,Yes,rakesh,4.0,TIMEWEAR Formal Day Date Watch Collection For Men Analogue Men's Watch(White Dial & Silver Colored Strap)-221Wdtg,https://www.amazon.in/product-reviews/B07MDGSP8F/ref=cm_cr_arp_d_paging_btm_next_10?ie=UTF8&reviewerType=all_reviews&pageNumber=10
Nice,Nice,04 Oct 2022,Colour: White,,Yes,Manni Durgaprasad,4.0,TIMEWEAR Formal Day Date Watch Collection For Men Analogue Men's Watch(White Dial & Silver Colored Strap)-221Wdtg,https://www.amazon.in/product-reviews/B07MDGSP8F/ref=cm_cr_arp_d_paging_btm_next_10?ie=UTF8&reviewerType=all_reviews&pageNumber=10
Best,Best,08 Mar 2023,Colour: White,,Yes,Akhil,5.0,TIMEWEAR Formal Day Date Watch Collection For Men Analogue Men's Watch(White Dial & Silver Colored Strap)-221Wdtg,https://www.amazon.in/product-reviews/B07MDGSP8F/ref=cm_cr_arp_d_paging_btm_next_10?ie=UTF8&reviewerType=all_reviews&pageNumber=10
